name,subject,content
澄邈,立春,赶-紧-开-启-你-的-财-富-旅-程-吧::  5 8 7 1 9 8.cn
德泽,雨水,58灏7灞198.cn
海超,惊蛰,587198.cn
瀚文,谷雨,5  8  7 坜 1  9 壤 8  .cn 
皓波,立夏,
永昌,小满,
志宇,芒种,
坤丰,夏至,
采凡,小暑,
怀萱,大暑,
凝春,立秋,
思荷,处暑,
桃,白露,
傲桃,秋分,
映风,寒露,
觅珍,霜降,
怀蓝,立冬,
沛兰,小雪,
丹芹,大雪,
凝文,冬至,
绮梦,小寒,
从蕊,大寒,
绿珍,2020年新年flag,
巧天,2020年新年愿望,
问菡,这次疫情，月入5000的我没担忧,
代风,hi!,
青晴,您好，您的账号获得88元红包，请立即查收>>,
芷海,国际海豹日,
桃子,全国爱耳日,
向丹,学雷锋纪念日,
忆真,三八妇女节,
雪蝶,植树节,
从薇,白色情人节,
凌珍,消费者权益日,
问桃,国际航海日,
听丝,世界无肉日,
梦山,世界睡眠日,
夏梦,世界水日,
千莲,世界气象日,
孤珍,国际尊严尊敬日,
飞槐,国际警察日,
雅阳,手拉手情系贫困小伙伴全国统一行动日,
惜蝶,世界森林日,
灵旋,世界儿歌日,
书春,国际消费种族歧视日,
丹雪,世界防治结核病日,
诗凝,耶稣受难日,
依之,愚人节,
映雁,国际儿童图书日,
谷旋,寒食节,
翠柏,清明节,
妙松,世界卫生日,
语萍,世界帕金森日,
盼烟,世界地球日,
笑枫,世界读书日,
紫竹,世界知识产权日,
谷梦,复活节,
访丝,五一国际劳动节,
芷翠,中国青年节,
恨雪,世界哮喘日,
晓彤,世界红十字日,
水绿,国际护士节,
沛白,母情节,
芷芹,国际家庭日,
竹,防治碘缺乏病日,
夏竹,世界电信日,
秋菱,国际博物馆日,
书露,全国助残日,
向香,全国学生营养日,
寄冬,全国母乳喂养宣传日,
寒兰,国际生物多样性日,
惜彤,世界无烟日,
凡芹,【*柱枣88】,
安烟,,
沛绿,,
冰桃,,
真,,
映蕾,,
梦珍,,
晓枫,,
海菡,,
怀易,,
小柳,,
向柳,,
惜双,,
含梅,,
小烟,,
绿夏,,
盼雁,,
巧风,,
亦筠,,
寄云,,
雅云,,
水冬,,
代天,,
秋风,,
天蕊,,
香儿,,
代春,,
亦慕梦,,
晓青,,
绿云,,
紫枫,,
怜蕾,,
夏旋,,
思双,,
海桃,,
夜蕾,,
海文,,
沛蝶,,
又山,,
书巧,,
秋之,,
白亦,,
迎珍,,
飞青,,
恨雁,,
梦南,,
巧易,,
访旋,,
易丹,,
寻波,,
念彤,,
乐云,,
白夏,,
诗凡,,
妙天,,
灵柳,,
恨南,,
幼桃,,
书彤,,
思香,,
采雪,,
凌翠,,
从烟,,
雨云,,
怀之,,
听芹,,
寒菱,,
